<?xml version="1.0" encoding="UTF-8"?>
<DEFECTS>
  <DEFECT>
    <SFA>
      <FILEPATH>D:\c++\csit314\</FILEPATH>
      <FILENAME>parent.cpp</FILENAME>
      <LINE>92</LINE>
      <COLUMN>25</COLUMN>
    </SFA>
    <DEFECTCODE>26451</DEFECTCODE>
    <DESCRIPTION>Arithmetic overflow: Using operator '-' on a 4 byte value and then casting the result to a 8 byte value. Cast the value to the wider type before calling operator '-' to avoid overflow (io.2).</DESCRIPTION>
    <FUNCTION>parent::checkStudent</FUNCTION>
    <DECORATED>?checkStudent@parent@@QEAAXXZ</DECORATED>
    <FUNCLINE>65</FUNCLINE>
    <PATH></PATH>
  </DEFECT>
  <DEFECT>
    <SFA>
      <FILEPATH>D:\c++\csit314\</FILEPATH>
      <FILENAME>parent.cpp</FILENAME>
      <LINE>95</LINE>
      <COLUMN>25</COLUMN>
    </SFA>
    <DEFECTCODE>26451</DEFECTCODE>
    <DESCRIPTION>Arithmetic overflow: Using operator '-' on a 4 byte value and then casting the result to a 8 byte value. Cast the value to the wider type before calling operator '-' to avoid overflow (io.2).</DESCRIPTION>
    <FUNCTION>parent::checkStudent</FUNCTION>
    <DECORATED>?checkStudent@parent@@QEAAXXZ</DECORATED>
    <FUNCLINE>65</FUNCLINE>
    <PATH></PATH>
  </DEFECT>
</DEFECTS>