﻿<?xml version="1.0" encoding="utf-8"?><DEFECTS><DEFECT>
    <SFA>
      <FILEPATH>D:\c++\csit314\</FILEPATH>
      <FILENAME>parent.cpp</FILENAME>
      <LINE>92</LINE>
      <COLUMN>25</COLUMN>
    </SFA>
    <DEFECTCODE>26451</DEFECTCODE>
    <DESCRIPTION>Arithmetic overflow: Using operator '-' on a 4 byte value and then casting the result to a 8 byte value. Cast the value to the wider type before calling operator '-' to avoid overflow (io.2).</DESCRIPTION>
    <FUNCTION>parent::checkStudent</FUNCTION>
    <DECORATED>?checkStudent@parent@@QEAAXXZ</DECORATED>
    <FUNCLINE>65</FUNCLINE>
    <PATH></PATH>
  </DEFECT><DEFECT>
    <SFA>
      <FILEPATH>D:\c++\csit314\</FILEPATH>
      <FILENAME>parent.cpp</FILENAME>
      <LINE>95</LINE>
      <COLUMN>25</COLUMN>
    </SFA>
    <DEFECTCODE>26451</DEFECTCODE>
    <DESCRIPTION>Arithmetic overflow: Using operator '-' on a 4 byte value and then casting the result to a 8 byte value. Cast the value to the wider type before calling operator '-' to avoid overflow (io.2).</DESCRIPTION>
    <FUNCTION>parent::checkStudent</FUNCTION>
    <DECORATED>?checkStudent@parent@@QEAAXXZ</DECORATED>
    <FUNCLINE>65</FUNCLINE>
    <PATH></PATH>
  </DEFECT><DEFECT>
    <SFA>
      <FILEPATH>D:\c++\csit314\</FILEPATH>
      <FILENAME>student.cpp</FILENAME>
      <LINE>165</LINE>
      <COLUMN>30</COLUMN>
    </SFA>
    <DEFECTCODE>26451</DEFECTCODE>
    <DESCRIPTION>Arithmetic overflow: Using operator '-' on a 4 byte value and then casting the result to a 8 byte value. Cast the value to the wider type before calling operator '-' to avoid overflow (io.2).</DESCRIPTION>
    <FUNCTION>student::checkExam</FUNCTION>
    <DECORATED>?checkExam@student@@QEAAXXZ</DECORATED>
    <FUNCLINE>135</FUNCLINE>
    <PATH></PATH>
  </DEFECT><DEFECT>
    <SFA>
      <FILEPATH>D:\c++\csit314\</FILEPATH>
      <FILENAME>student.cpp</FILENAME>
      <LINE>166</LINE>
      <COLUMN>44</COLUMN>
    </SFA>
    <DEFECTCODE>26451</DEFECTCODE>
    <DESCRIPTION>Arithmetic overflow: Using operator '-' on a 4 byte value and then casting the result to a 8 byte value. Cast the value to the wider type before calling operator '-' to avoid overflow (io.2).</DESCRIPTION>
    <FUNCTION>student::checkExam</FUNCTION>
    <DECORATED>?checkExam@student@@QEAAXXZ</DECORATED>
    <FUNCLINE>135</FUNCLINE>
    <PATH></PATH>
  </DEFECT><DEFECT>
    <SFA>
      <FILEPATH>D:\c++\csit314\</FILEPATH>
      <FILENAME>teacher.cpp</FILENAME>
      <LINE>99</LINE>
      <COLUMN>56</COLUMN>
    </SFA>
    <DEFECTCODE>26451</DEFECTCODE>
    <DESCRIPTION>Arithmetic overflow: Using operator '-' on a 4 byte value and then casting the result to a 8 byte value. Cast the value to the wider type before calling operator '-' to avoid overflow (io.2).</DESCRIPTION>
    <FUNCTION>teacher::assignExam</FUNCTION>
    <DECORATED>?assignExam@teacher@@UEAAHXZ</DECORATED>
    <FUNCLINE>54</FUNCLINE>
    <PATH></PATH>
  </DEFECT><DEFECT>
    <SFA>
      <FILEPATH>D:\c++\csit314\</FILEPATH>
      <FILENAME>teacher.cpp</FILENAME>
      <LINE>129</LINE>
      <COLUMN>62</COLUMN>
    </SFA>
    <DEFECTCODE>26451</DEFECTCODE>
    <DESCRIPTION>Arithmetic overflow: Using operator '-' on a 4 byte value and then casting the result to a 8 byte value. Cast the value to the wider type before calling operator '-' to avoid overflow (io.2).</DESCRIPTION>
    <FUNCTION>teacher::assignExam</FUNCTION>
    <DECORATED>?assignExam@teacher@@UEAAHXZ</DECORATED>
    <FUNCLINE>54</FUNCLINE>
    <PATH></PATH>
  </DEFECT><DEFECT>
    <SFA>
      <FILEPATH>D:\c++\csit314\</FILEPATH>
      <FILENAME>teacher.cpp</FILENAME>
      <LINE>131</LINE>
      <COLUMN>39</COLUMN>
    </SFA>
    <DEFECTCODE>26451</DEFECTCODE>
    <DESCRIPTION>Arithmetic overflow: Using operator '-' on a 4 byte value and then casting the result to a 8 byte value. Cast the value to the wider type before calling operator '-' to avoid overflow (io.2).</DESCRIPTION>
    <FUNCTION>teacher::assignExam</FUNCTION>
    <DECORATED>?assignExam@teacher@@UEAAHXZ</DECORATED>
    <FUNCLINE>54</FUNCLINE>
    <PATH></PATH>
  </DEFECT></DEFECTS>